Algorithms,TransferFun,Benchmark,Metric,Best fitness,Error,NumOfFeatures,Time
bMFO,1,segment,std,0.0065969,0.0065969,2.5144,0.89485
bMFO,1,segment,max,0.025974,0.025974,18,44.1413
bMFO,1,segment,min,0.004329,0.004329,9,41.3361
bMFO,1,segment,median,0.012987,0.012987,12.5,43.2959
bGWO,1,segment,std,0.0085378,0.0076356,1.4944,1.2166
bGWO,1,segment,max,0.038984,0.025974,8,21.5402
bGWO,1,segment,min,0.014639,0,4,17.9696
bGWO,1,segment,median,0.025496,0.012987,5.5,19.6048
BGSA,1,segment,std,0.0045006,0.0043049,0.73786,1.0069
BGSA,1,segment,max,0.033721,0.021645,6,22.3277
BGSA,1,segment,min,0.018751,0.008658,4,19.0041
BGSA,1,segment,median,0.025496,0.012987,5,20.7422
BPSO,1,segment,std,0.0063364,0.0068295,1.3166,2.2743
BPSO,1,segment,max,0.036352,0.021645,8,27.2404
BPSO,1,segment,min,0.014639,0.004329,4,20.4344
BPSO,1,segment,median,0.026646,0.008658,6,23.1778
BBA,1,segment,std,0.013125,0.056362,2.4698,0.94494
BBA,1,segment,max,0.06481,0.17316,12,29.975
BBA,1,segment,min,0.023684,0.017316,3,27.1589
BBA,1,segment,median,0.039394,0.054113,6,28.6779
BSSA,1,segment,std,0.007227,0.0065335,1.5811,3.0651
BSSA,1,segment,max,0.04836,0.025974,9,43.0289
BSSA,1,segment,min,0.025165,0.004329,4,33.6892
BSSA,1,segment,median,0.034706,0.012987,8,39.5974
ECFBI,1,segment,std,0.0068295,0.0068295,2.5495,10.9884
ECFBI,1,segment,max,0.021645,0.021645,17,242.327
ECFBI,1,segment,min,0,0,9,207.3476
ECFBI,1,segment,median,0.012987,0.012987,13,228.226
