Algorithms,TransferFun,Benchmark,Metric,Accuracy,Sensitivity,Specificity,Precision,MCC,F-measure
bMFO,1,segment,std,0.0065969,0,0,0.0065969,0,0
bMFO,1,segment,max,0.99567,0,0,0.99567,0,0
bMFO,1,segment,min,0.97403,0,0,0.97403,0,0
bMFO,1,segment,median,0.98701,0,0,0.98701,0,0
bGWO,1,segment,std,0.0076356,0,0,0.0076356,0,0
bGWO,1,segment,max,1,0,0,1,0,0
bGWO,1,segment,min,0.97403,0,0,0.97403,0,0
bGWO,1,segment,median,0.98701,0,0,0.98701,0,0
BGSA,1,segment,std,0.0043049,0,0,0.0043049,0,0
BGSA,1,segment,max,0.99134,0,0,0.99134,0,0
BGSA,1,segment,min,0.97835,0,0,0.97835,0,0
BGSA,1,segment,median,0.98701,0,0,0.98701,0,0
BPSO,1,segment,std,0.0068295,0,0,0.0068295,0,0
BPSO,1,segment,max,0.99567,0,0,0.99567,0,0
BPSO,1,segment,min,0.97835,0,0,0.97835,0,0
BPSO,1,segment,median,0.99134,0,0,0.99134,0,0
BBA,1,segment,std,0.056362,0,0,0.056362,0,0
BBA,1,segment,max,0.98268,0,0,0.98268,0,0
BBA,1,segment,min,0.82684,0,0,0.82684,0,0
BBA,1,segment,median,0.94589,0,0,0.94589,0,0
BSSA,1,segment,std,0.0065335,0,0,0.0065335,0,0
BSSA,1,segment,max,0.99567,0,0,0.99567,0,0
BSSA,1,segment,min,0.97403,0,0,0.97403,0,0
BSSA,1,segment,median,0.98701,0,0,0.98701,0,0
ECFBI,1,segment,std,0.0068295,0,0,0.0068295,0,0
ECFBI,1,segment,max,1,0,0,1,0,0
ECFBI,1,segment,min,0.97835,0,0,0.97835,0,0
ECFBI,1,segment,median,0.98701,0,0,0.98701,0,0
