Algorithms,TransferFun,Benchmark,Metric,Best fitness,Error,NumOfFeatures,Time,Accuracy,Sensitivity,Specificity,Precision,MCC,F-measure
bMFO,1,segment,mean,0.01342,0.01342,13.1,43.0341,0.98658,0,0,0.98658,0,0
bGWO,1,segment,mean,0.027338,0.012987,5.7,19.4723,0.98701,0,0,0.98701,0,0
BGSA,1,segment,mean,0.02617,0.01342,5.1,20.5652,0.98658,0,0,0.98658,0,0
BPSO,1,segment,mean,0.025956,0.011255,5.8,23.4595,0.98874,0,0,0.98874,0,0
BBA,1,segment,mean,0.042109,0.072727,6.9,28.6341,0.92727,0,0,0.92727,0,0
BSSA,1,segment,mean,0.034131,0.015152,7.5,38.8252,0.98485,0,0,0.98485,0,0
ECFBI,1,segment,mean,0.011255,0.011255,13.5,228.5111,0.98874,0,0,0.98874,0,0
