Algorithms,TransferFun,Benchmark,Metric,Best fitness,Error,NumOfFeatures,Time,Accuracy,Sensitivity,Specificity,Precision,MCC,F-measure
bMFO,1,Lymphography,mean,0.026359,0.026359,14.3,6.9314,0.97364,0,0,0.97364,0,0
bGWO,1,Lymphography,mean,0.014722,0,5.3,7.4682,0.96429,0,0,0.96429,0,0
BGSA,1,Lymphography,mean,0.037644,0.025882,4.7,7.4207,0.95983,0,0,0.95983,0,0
BPSO,1,Lymphography,mean,0.032668,0.02006,4.9,7.3267,0.96565,0,0,0.96565,0,0
BBA,1,Lymphography,mean,0.091794,0.25291,7.6,7.283,0.74214,0,0,0.74214,0,0
BSSA,1,Lymphography,mean,0.02816,0.00625,8,7.1567,0.97232,0,0,0.97232,0,0
ECFBI,1,Lymphography,mean,0.00625,0.00625,12.1,39.1183,0.9728,0,0,0.9728,0,0
