Algorithms,TransferFun,Benchmark,Metric,Best fitness,Error,NumOfFeatures,Time
bMFO,1,Lymphography,std,0.034162,0.034162,1.2517,0.14845
bMFO,1,Lymphography,max,0.071429,0.071429,16,7.2356
bMFO,1,Lymphography,min,0,0,12,6.7992
bMFO,1,Lymphography,median,0,0,15,6.8655
bGWO,1,Lymphography,std,0.0037153,0,1.3375,0.2117
bGWO,1,Lymphography,max,0.022222,0,8,7.9287
bGWO,1,Lymphography,min,0.011111,0,4,7.1638
bGWO,1,Lymphography,median,0.013889,0,5,7.4906
BGSA,1,Lymphography,std,0.032177,0.033491,1.2517,0.16603
BGSA,1,Lymphography,max,0.08,0.066667,7,7.7221
BGSA,1,Lymphography,min,0.0083333,0,3,7.1347
BGSA,1,Lymphography,median,0.016667,0,5,7.4292
BPSO,1,Lymphography,std,0.032383,0.032367,0.99443,0.23005
BPSO,1,Lymphography,max,0.087302,0.071429,7,7.6675
BPSO,1,Lymphography,min,0.011111,0,4,6.9707
BPSO,1,Lymphography,median,0.013889,0,5,7.3073
BBA,1,Lymphography,std,0.057649,0.092895,2.2211,0.22842
BBA,1,Lymphography,max,0.15722,0.4,12,7.622
BBA,1,Lymphography,min,0.016667,0.066667,4,6.983
BBA,1,Lymphography,median,0.093205,0.25833,7.5,7.2255
BSSA,1,Lymphography,std,0.021847,0.019764,2.582,0.18799
BSSA,1,Lymphography,max,0.087153,0.0625,11,7.3709
BSSA,1,Lymphography,min,0.0083333,0,3,6.8396
BSSA,1,Lymphography,median,0.023611,0,8.5,7.1782
ECFBI,1,Lymphography,std,0.019764,0.019764,1.6633,0.90133
ECFBI,1,Lymphography,max,0.0625,0.0625,14,40.3253
ECFBI,1,Lymphography,min,0,0,9,37.778
ECFBI,1,Lymphography,median,0,0,12.5,38.6908
