Algorithms,TransferFun,Benchmark,Metric,Accuracy,Sensitivity,Specificity,Precision,MCC,F-measure
bMFO,1,Lymphography,std,0.034162,0,0,0.034162,0,0
bMFO,1,Lymphography,max,1,0,0,1,0,0
bMFO,1,Lymphography,min,0.92857,0,0,0.92857,0,0
bMFO,1,Lymphography,median,1,0,0,1,0,0
bGWO,1,Lymphography,std,0.069416,0,0,0.069416,0,0
bGWO,1,Lymphography,max,1,0,0,1,0,0
bGWO,1,Lymphography,min,0.78571,0,0,0.78571,0,0
bGWO,1,Lymphography,median,1,0,0,1,0,0
BGSA,1,Lymphography,std,0.034742,0,0,0.034742,0,0
BGSA,1,Lymphography,max,1,0,0,1,0,0
BGSA,1,Lymphography,min,0.92857,0,0,0.92857,0,0
BGSA,1,Lymphography,median,0.93725,0,0,0.93725,0,0
BPSO,1,Lymphography,std,0.049514,0,0,0.049514,0,0
BPSO,1,Lymphography,max,1,0,0,1,0,0
BPSO,1,Lymphography,min,0.85714,0,0,0.85714,0,0
BPSO,1,Lymphography,median,1,0,0,1,0,0
BBA,1,Lymphography,std,0.097345,0,0,0.097345,0,0
BBA,1,Lymphography,max,0.93333,0,0,0.93333,0,0
BBA,1,Lymphography,min,0.6,0,0,0.6,0,0
BBA,1,Lymphography,median,0.74167,0,0,0.74167,0,0
BSSA,1,Lymphography,std,0.068446,0,0,0.068446,0,0
BSSA,1,Lymphography,max,1,0,0,1,0,0
BSSA,1,Lymphography,min,0.78571,0,0,0.78571,0,0
BSSA,1,Lymphography,median,1,0,0,1,0,0
ECFBI,1,Lymphography,std,0.035206,0,0,0.035206,0,0
ECFBI,1,Lymphography,max,1,0,0,1,0,0
ECFBI,1,Lymphography,min,0.92857,0,0,0.92857,0,0
ECFBI,1,Lymphography,median,1,0,0,1,0,0
