Algorithms,TransferFun,Benchmark,Metric,Best fitness,Error,NumOfFeatures,Time
bMFO,1,KrvskpEW,std,0.0059827,0.0059827,1.4907,1.4004
bMFO,1,KrvskpEW,max,0.021875,0.021875,29,126.3277
bMFO,1,KrvskpEW,min,0.003125,0.003125,24,122.1548
bMFO,1,KrvskpEW,median,0.014062,0.014062,27,125.3814
bGWO,1,KrvskpEW,std,0.0066282,0.0076863,2.7508,6.454
bGWO,1,KrvskpEW,max,0.038837,0.025078,18,76.6133
bGWO,1,KrvskpEW,min,0.018247,0.003125,9,58.1831
bGWO,1,KrvskpEW,median,0.031932,0.0093897,13.5,69.858
BGSA,1,KrvskpEW,std,0.0048946,0.0041716,2.4855,2.4349
BGSA,1,KrvskpEW,max,0.035295,0.012539,20,91.4932
BGSA,1,KrvskpEW,min,0.018056,0,12,83.1809
BGSA,1,KrvskpEW,median,0.028164,0.0062549,17,86.4081
BPSO,1,KrvskpEW,std,0.0046433,0.0049911,2.0138,2.201
BPSO,1,KrvskpEW,max,0.040035,0.01875,20,91.1691
BPSO,1,KrvskpEW,min,0.0252,0.003125,14,84.6831
BPSO,1,KrvskpEW,median,0.032422,0.009375,17.5,87.3627
BBA,1,KrvskpEW,std,0.01837,0.14186,2.5841,4.5494
BBA,1,KrvskpEW,max,0.1201,0.39498,17,89.7828
BBA,1,KrvskpEW,min,0.054878,0.044025,8,76.071
BBA,1,KrvskpEW,median,0.084375,0.089062,15,87.5067
BSSA,1,KrvskpEW,std,0.0022062,0.0025753,1.4944,6.3241
BSSA,1,KrvskpEW,max,0.050955,0.015674,27,119.5923
BSSA,1,KrvskpEW,min,0.042268,0.009375,23,103.6576
BSSA,1,KrvskpEW,median,0.046788,0.014082,24,110.6512
ECFBI,1,KrvskpEW,std,0.0034428,0.0034428,2.0111,10.4484
ECFBI,1,KrvskpEW,max,0.0094044,0.0094044,30,697.0413
ECFBI,1,KrvskpEW,min,0,0,24,668.8819
ECFBI,1,KrvskpEW,median,0.0062598,0.0062598,26,676.2092
