Algorithms,TransferFun,Benchmark,Metric,Best fitness,Error,NumOfFeatures,Time,Accuracy,Sensitivity,Specificity,Precision,MCC,F-measure
bMFO,1,glass,mean,0.10204,0.10204,5.7,8.5275,0.89796,0,0,0.89796,0,0
bGWO,1,glass,mean,0.12763,0.11212,3.8,8.5664,0.88788,0,0,0.88788,0,0
BGSA,1,glass,mean,0.13513,0.11827,4.1,8.5155,0.87284,0,0,0.87284,0,0
BPSO,1,glass,mean,0.12832,0.11168,4,8.2957,0.88832,0,0,0.88832,0,0
BBA,1,glass,mean,0.17526,0.35662,3.7,8.453,0.64338,0,0,0.64338,0,0
BSSA,1,glass,mean,0.12456,0.10714,4.1,8.7113,0.89286,0,0,0.89286,0,0
ECFBI,1,glass,mean,0.098333,0.098333,5.7,45.3151,0.90167,0,0,0.90167,0,0
