Algorithms,TransferFun,Benchmark,Metric,Best fitness,Error,NumOfFeatures,Time
bMFO,1,glass,std,0.059221,0.059221,1.1595,0.22115
bMFO,1,glass,max,0.19048,0.19048,8,8.8428
bMFO,1,glass,min,0.045455,0.045455,4,8.0655
bMFO,1,glass,median,0.095238,0.095238,5.5,8.5361
bGWO,1,glass,std,0.054317,0.058024,1.1353,0.16329
bGWO,1,glass,max,0.20606,0.18182,6,8.7925
bGWO,1,glass,min,0.022222,0,2,8.3471
bGWO,1,glass,median,0.13254,0.11905,4,8.5668
BGSA,1,glass,std,0.046863,0.049905,0.8756,0.16227
BGSA,1,glass,max,0.20317,0.19048,6,8.7889
BGSA,1,glass,min,0.022222,0,3,8.2599
BGSA,1,glass,median,0.14617,0.1334,4,8.5326
BPSO,1,glass,std,0.049563,0.05474,1.4142,0.26471
BPSO,1,glass,max,0.20667,0.2,7,8.6683
BPSO,1,glass,min,0.059848,0.045455,2,7.7724
BPSO,1,glass,median,0.13219,0.11284,4,8.3748
BBA,1,glass,std,0.079516,0.16113,1.1595,0.40841
BBA,1,glass,max,0.27005,0.59091,5,8.8899
BBA,1,glass,min,0.033333,0.14286,2,7.8262
BBA,1,glass,median,0.19073,0.35573,4,8.4936
BSSA,1,glass,std,0.057592,0.061656,0.73786,0.30352
BSSA,1,glass,max,0.20317,0.19048,5,9.2564
BSSA,1,glass,min,0.065404,0.045455,3,8.143
BSSA,1,glass,median,0.11342,0.093074,4,8.7023
ECFBI,1,glass,std,0.067662,0.067662,1.0593,1.7497
ECFBI,1,glass,max,0.18182,0.18182,7,47.8697
ECFBI,1,glass,min,0,0,4,43.0197
ECFBI,1,glass,median,0.13636,0.13636,5.5,45.3769
