Algorithms,TransferFun,Benchmark,Metric,Accuracy,Sensitivity,Specificity,Precision,MCC,F-measure
bMFO,1,glass,std,0.059221,0,0,0.059221,0,0
bMFO,1,glass,max,0.95455,0,0,0.95455,0,0
bMFO,1,glass,min,0.80952,0,0,0.80952,0,0
bMFO,1,glass,median,0.90476,0,0,0.90476,0,0
bGWO,1,glass,std,0.058024,0,0,0.058024,0,0
bGWO,1,glass,max,1,0,0,1,0,0
bGWO,1,glass,min,0.81818,0,0,0.81818,0,0
bGWO,1,glass,median,0.88095,0,0,0.88095,0,0
BGSA,1,glass,std,0.056029,0,0,0.056029,0,0
BGSA,1,glass,max,1,0,0,1,0,0
BGSA,1,glass,min,0.8,0,0,0.8,0,0
BGSA,1,glass,median,0.86364,0,0,0.86364,0,0
BPSO,1,glass,std,0.05474,0,0,0.05474,0,0
BPSO,1,glass,max,0.95455,0,0,0.95455,0,0
BPSO,1,glass,min,0.8,0,0,0.8,0,0
BPSO,1,glass,median,0.88716,0,0,0.88716,0,0
BBA,1,glass,std,0.16113,0,0,0.16113,0,0
BBA,1,glass,max,0.85714,0,0,0.85714,0,0
BBA,1,glass,min,0.40909,0,0,0.40909,0,0
BBA,1,glass,median,0.64427,0,0,0.64427,0,0
BSSA,1,glass,std,0.061656,0,0,0.061656,0,0
BSSA,1,glass,max,0.95455,0,0,0.95455,0,0
BSSA,1,glass,min,0.80952,0,0,0.80952,0,0
BSSA,1,glass,median,0.90693,0,0,0.90693,0,0
ECFBI,1,glass,std,0.067662,0,0,0.067662,0,0
ECFBI,1,glass,max,1,0,0,1,0,0
ECFBI,1,glass,min,0.81818,0,0,0.81818,0,0
ECFBI,1,glass,median,0.86364,0,0,0.86364,0,0
