Algorithms,TransferFun,Benchmark,Metric,Accuracy,Sensitivity,Specificity,Precision,MCC,F-measure
bMFO,1,cmc,std,0.021773,0,0,0.021773,0,0
bMFO,1,cmc,max,0.56463,0,0,0.56463,0,0
bMFO,1,cmc,min,0.5102,0,0,0.5102,0,0
bMFO,1,cmc,median,0.54576,0,0,0.54576,0,0
bGWO,1,cmc,std,0.022624,0,0,0.022624,0,0
bGWO,1,cmc,max,0.57432,0,0,0.57432,0,0
bGWO,1,cmc,min,0.50676,0,0,0.50676,0,0
bGWO,1,cmc,median,0.53061,0,0,0.53061,0,0
BGSA,1,cmc,std,0.034462,0,0,0.034462,0,0
BGSA,1,cmc,max,0.57823,0,0,0.57823,0,0
BGSA,1,cmc,min,0.48299,0,0,0.48299,0,0
BGSA,1,cmc,median,0.5288,0,0,0.5288,0,0
BPSO,1,cmc,std,0.025796,0,0,0.025796,0,0
BPSO,1,cmc,max,0.57143,0,0,0.57143,0,0
BPSO,1,cmc,min,0.5,0,0,0.5,0,0
BPSO,1,cmc,median,0.52381,0,0,0.52381,0,0
BBA,1,cmc,std,0.037882,0,0,0.037882,0,0
BBA,1,cmc,max,0.5411,0,0,0.5411,0,0
BBA,1,cmc,min,0.41216,0,0,0.41216,0,0
BBA,1,cmc,median,0.43878,0,0,0.43878,0,0
BSSA,1,cmc,std,0.020578,0,0,0.020578,0,0
BSSA,1,cmc,max,0.57143,0,0,0.57143,0,0
BSSA,1,cmc,min,0.4966,0,0,0.4966,0,0
BSSA,1,cmc,median,0.53926,0,0,0.53926,0,0
ECFBI,1,cmc,std,0.020608,0,0,0.020608,0,0
ECFBI,1,cmc,max,0.57823,0,0,0.57823,0,0
ECFBI,1,cmc,min,0.50676,0,0,0.50676,0,0
ECFBI,1,cmc,median,0.53378,0,0,0.53378,0,0
