Algorithms,TransferFun,Benchmark,Metric,Best fitness,Error,NumOfFeatures,Time,Accuracy,Sensitivity,Specificity,Precision,MCC,F-measure
bMFO,1,cmc,mean,0.45755,0.45755,5.4,19.4262,0.54245,0,0,0.54245,0,0
bGWO,1,cmc,mean,0.46744,0.46163,5.2,17.5914,0.53837,0,0,0.53837,0,0
BGSA,1,cmc,mean,0.47418,0.47107,4.8,17.7054,0.52893,0,0,0.52893,0,0
BPSO,1,cmc,mean,0.47351,0.46977,4.9,17.6692,0.53023,0,0,0.53023,0,0
BBA,1,cmc,mean,0.49487,0.55252,4.2,16.2476,0.44748,0,0,0.44748,0,0
BSSA,1,cmc,mean,0.46792,0.46097,5.4,17.1045,0.53903,0,0,0.53903,0,0
ECFBI,1,cmc,mean,0.45917,0.45956,5.6,103.7023,0.54044,0,0,0.54044,0,0
