Algorithms,TransferFun,Benchmark,Metric,Best fitness,Error,NumOfFeatures,Time
bMFO,1,CongressEW,std,0.016161,0.016161,1.4757,0.23342
bMFO,1,CongressEW,max,0.046512,0.046512,14,8.8014
bMFO,1,CongressEW,min,0,0,9,8.0255
bMFO,1,CongressEW,median,0,0,11.5,8.2401
bGWO,1,CongressEW,std,0.019793,0.022148,1.5492,0.18154
bGWO,1,CongressEW,max,0.067898,0.068182,6,8.5376
bGWO,1,CongressEW,min,0.003125,0,1,8.0287
bGWO,1,CongressEW,median,0.0125,0,3.5,8.4547
BGSA,1,CongressEW,std,0.011251,0.011064,1.7127,0.23317
BGSA,1,CongressEW,max,0.034091,0.023256,6,8.6061
BGSA,1,CongressEW,min,0.003125,0,1,7.8647
BGSA,1,CongressEW,median,0.010938,0,2.5,8.2055
BPSO,1,CongressEW,std,0.0062007,0.007187,1.7764,0.19056
BPSO,1,CongressEW,max,0.024716,0.022727,6,8.7018
BPSO,1,CongressEW,min,0.003125,0,1,8.1074
BPSO,1,CongressEW,median,0.0125,0,3.5,8.3843
BBA,1,CongressEW,std,0.021855,0.051933,1.3499,0.20009
BBA,1,CongressEW,max,0.080398,0.18182,9,8.9274
BBA,1,CongressEW,min,0.0125,0.045455,4,8.2726
BBA,1,CongressEW,median,0.041903,0.11364,7,8.4843
BSSA,1,CongressEW,std,0.018639,0.015696,2.5841,0.19631
BSSA,1,CongressEW,max,0.066061,0.046512,9,8.8874
BSSA,1,CongressEW,min,0.003125,0,1,8.2146
BSSA,1,CongressEW,median,0.020313,0,6.5,8.5959
ECFBI,1,CongressEW,std,0.015162,0.01534,3.093,0.63298
ECFBI,1,CongressEW,max,0.045455,0.045455,14,48.0799
ECFBI,1,CongressEW,min,0,0,3,46.0776
ECFBI,1,CongressEW,median,0,0,10,46.9519
