Algorithms,TransferFun,Benchmark,Metric,Accuracy,Sensitivity,Specificity,Precision,MCC,F-measure
bMFO,1,CongressEW,std,0.016161,0.024325,0.024802,0.015058,0.032223,0.013655
bMFO,1,CongressEW,max,1,1,1,1,1,1
bMFO,1,CongressEW,min,0.95349,0.92308,0.94118,0.96429,0.9088,0.96
bMFO,1,CongressEW,median,1,1,1,1,1,1
bGWO,1,CongressEW,std,0.022148,0.024998,0.024802,0.01592,0.04587,0.018336
bGWO,1,CongressEW,max,1,1,1,1,1,1
bGWO,1,CongressEW,min,0.93182,0.92593,0.94118,0.96154,0.85872,0.9434
bGWO,1,CongressEW,median,1,1,1,1,1,1
BGSA,1,CongressEW,std,0.011064,0.011712,0.025592,0.015058,0.023016,0.0088951
BGSA,1,CongressEW,max,1,1,1,1,1,1
BGSA,1,CongressEW,min,0.97674,0.96296,0.9375,0.96429,0.9508,0.98113
BGSA,1,CongressEW,median,1,1,1,1,1,1
BPSO,1,CongressEW,std,0.007187,0.011712,0,0,0.014654,0.0059666
BPSO,1,CongressEW,max,1,1,1,1,1,1
BPSO,1,CongressEW,min,0.97727,0.96296,1,1,0.95366,0.98113
BPSO,1,CongressEW,median,1,1,1,1,1,1
BBA,1,CongressEW,std,0.051933,0.057201,0.10555,0.058992,0.10875,0.042136
BBA,1,CongressEW,max,0.95455,0.96296,1,1,0.9088,0.96296
BBA,1,CongressEW,min,0.81818,0.80769,0.64706,0.80645,0.6115,0.85714
BBA,1,CongressEW,median,0.88636,0.90598,0.90809,0.93826,0.77243,0.90659
BSSA,1,CongressEW,std,0.015696,0.025799,0,0,0.031062,0.013373
BSSA,1,CongressEW,max,1,1,1,1,1,1
BSSA,1,CongressEW,min,0.95349,0.92308,1,1,0.9088,0.96
BSSA,1,CongressEW,median,1,1,1,1,1,1
ECFBI,1,CongressEW,std,0.01534,0.015616,0.018602,0.011712,0.032171,0.01254
ECFBI,1,CongressEW,max,1,1,1,1,1,1
ECFBI,1,CongressEW,min,0.95455,0.96296,0.94118,0.96296,0.90414,0.96296
ECFBI,1,CongressEW,median,1,1,1,1,1,1
