Algorithms,TransferFun,Benchmark,Metric,Best fitness,Error,NumOfFeatures,Time
bMFO,1,heartandlung,std,0.031302,0.031302,2.1108,0.26852
bMFO,1,heartandlung,max,0.076923,0.076923,19,7.147
bMFO,1,heartandlung,min,0,0,14,6.2331
bMFO,1,heartandlung,median,0,0,17,6.7377
bGWO,1,heartandlung,std,0.032538,0.034503,0.91894,0.22043
bGWO,1,heartandlung,max,0.074379,0.071429,4,7.5047
bGWO,1,heartandlung,min,0.0021739,0,1,6.7136
bGWO,1,heartandlung,median,0.0054348,0,2,7.1765
BGSA,1,heartandlung,std,0.028074,0.030117,0.70711,0.20293
BGSA,1,heartandlung,max,0.072205,0.071429,4,7.2287
BGSA,1,heartandlung,min,0.0043478,0,2,6.6019
BGSA,1,heartandlung,median,0.0065217,0,2,7.0018
BPSO,1,heartandlung,std,0.028967,0.030117,0.42164,0.33822
BPSO,1,heartandlung,max,0.074379,0.071429,3,7.6612
BPSO,1,heartandlung,min,0.0043478,0,2,6.5237
BPSO,1,heartandlung,median,0.0043478,0,2,6.7989
BBA,1,heartandlung,std,0.049772,0.21002,2.6013,0.21211
BBA,1,heartandlung,max,0.15528,0.69231,14,7.1512
BBA,1,heartandlung,min,0.013043,0,6,6.5481
BBA,1,heartandlung,median,0.052407,0.071429,9,6.8
BSSA,1,heartandlung,std,0.044248,0.048211,2.5473,0.35513
BSSA,1,heartandlung,max,0.13789,0.14286,9,7.5507
BSSA,1,heartandlung,min,0.0043478,0,1,6.2773
BSSA,1,heartandlung,median,0.01413,0,5.5,6.8178
ECFBI,1,heartandlung,std,0.022588,0.022588,2.4967,0.81755
ECFBI,1,heartandlung,max,0.071429,0.071429,19,37.9255
ECFBI,1,heartandlung,min,0,0,11,35.5137
ECFBI,1,heartandlung,median,0,0,15,36.6932
