Algorithms,TransferFun,Benchmark,Metric,Best fitness,Error,NumOfFeatures,Time,Accuracy,Sensitivity,Specificity,Precision,MCC,F-measure
bMFO,1,heartandlung,mean,0.014835,0.014835,16.7,6.6772,0.98516,0.98571,0.98571,0.9875,0.97232,0.98564
bGWO,1,heartandlung,mean,0.02514,0.021429,2.2,7.1769,0.97857,0.98571,0.97143,0.975,0.95981,0.97897
BGSA,1,heartandlung,mean,0.019006,0.014286,2.5,6.9264,0.98571,0.98571,0.98571,0.9875,0.97321,0.98564
BPSO,1,heartandlung,mean,0.018354,0.014286,2.2,6.8644,0.98571,1,0.97143,0.975,0.97321,0.98667
BBA,1,heartandlung,mean,0.059845,0.16923,9.9,6.8134,0.83077,0.84286,0.81429,0.84833,0.65826,0.83648
BSSA,1,heartandlung,mean,0.032096,0.021429,5.4,6.7914,0.97857,0.98571,0.97143,0.97321,0.95803,0.97905
ECFBI,1,heartandlung,mean,0.0071429,0.0071429,15.3,36.5975,0.99286,1,0.98571,0.9875,0.9866,0.99333
