Algorithms,TransferFun,Benchmark,Metric,Accuracy,Sensitivity,Specificity,Precision,MCC,F-measure
bMFO,1,heartandlung,std,0.031302,0.045175,0.045175,0.039528,0.058399,0.030368
bMFO,1,heartandlung,max,1,1,1,1,1,1
bMFO,1,heartandlung,min,0.92308,0.85714,0.85714,0.875,0.85714,0.92308
bMFO,1,heartandlung,median,1,1,1,1,1,1
bGWO,1,heartandlung,std,0.034503,0.045175,0.060234,0.052705,0.064716,0.033969
bGWO,1,heartandlung,max,1,1,1,1,1,1
bGWO,1,heartandlung,min,0.92857,0.85714,0.85714,0.875,0.86603,0.92308
bGWO,1,heartandlung,median,1,1,1,1,1,1
BGSA,1,heartandlung,std,0.030117,0.045175,0.045175,0.039528,0.056489,0.030368
BGSA,1,heartandlung,max,1,1,1,1,1,1
BGSA,1,heartandlung,min,0.92857,0.85714,0.85714,0.875,0.86603,0.92308
BGSA,1,heartandlung,median,1,1,1,1,1,1
BPSO,1,heartandlung,std,0.030117,0,0.060234,0.052705,0.056489,0.028109
BPSO,1,heartandlung,max,1,1,1,1,1,1
BPSO,1,heartandlung,min,0.92857,1,0.85714,0.875,0.86603,0.93333
BPSO,1,heartandlung,median,1,1,1,1,1,1
BBA,1,heartandlung,std,0.21002,0.20702,0.29393,0.17725,0.45428,0.18329
BBA,1,heartandlung,max,1,1,1,1,1,1
BBA,1,heartandlung,min,0.30769,0.42857,0,0.4,-0.50709,0.47059
BBA,1,heartandlung,median,0.92857,0.92857,0.85714,0.875,0.86603,0.92821
BSSA,1,heartandlung,std,0.048211,0.045175,0.060234,0.056626,0.095433,0.047682
BSSA,1,heartandlung,max,1,1,1,1,1,1
BSSA,1,heartandlung,min,0.85714,0.85714,0.85714,0.85714,0.71429,0.85714
BSSA,1,heartandlung,median,1,1,1,1,1,1
ECFBI,1,heartandlung,std,0.022588,0,0.045175,0.039528,0.042366,0.021082
ECFBI,1,heartandlung,max,1,1,1,1,1,1
ECFBI,1,heartandlung,min,0.92857,1,0.85714,0.875,0.86603,0.93333
ECFBI,1,heartandlung,median,1,1,1,1,1,1
