Algorithms,TransferFun,Benchmark,Metric,Best fitness,Error,NumOfFeatures,Time
bMFO,1,Wielaw,std,0.022638,0.022638,2.3944,0.25517
bMFO,1,Wielaw,max,0.086957,0.086957,24,7.8219
bMFO,1,Wielaw,min,0.04,0.04,17,7.1633
bMFO,1,Wielaw,median,0.060833,0.060833,21.5,7.4995
bGWO,1,Wielaw,std,0.034143,0.036508,1.5951,0.38106
bGWO,1,Wielaw,max,0.089167,0.083333,7,8.5438
bGWO,1,Wielaw,min,0.0066667,0,3,7.4904
bGWO,1,Wielaw,median,0.05125,0.041667,5,8.1333
BGSA,1,Wielaw,std,0.043579,0.046197,1.1005,0.31467
BGSA,1,Wielaw,max,0.12875,0.125,8,8.2235
BGSA,1,Wielaw,min,0.0083333,0,4,7.273
BGSA,1,Wielaw,median,0.04875,0.041667,6,7.7856
BPSO,1,Wielaw,std,0.031397,0.031751,2.4944,0.21795
BPSO,1,Wielaw,max,0.087667,0.08,13,7.5737
BPSO,1,Wielaw,min,0.0066667,0,4,6.859
BPSO,1,Wielaw,median,0.049583,0.041667,6.5,7.2874
BBA,1,Wielaw,std,0.043492,0.14287,3.4254,0.22963
BBA,1,Wielaw,max,0.185,0.45833,18,7.5961
BBA,1,Wielaw,min,0.058,0.041667,6,6.8068
BBA,1,Wielaw,median,0.14292,0.14522,10.5,7.1551
BSSA,1,Wielaw,std,0.048176,0.048255,4.4771,0.25547
BSSA,1,Wielaw,max,0.14708,0.125,17,7.7196
BSSA,1,Wielaw,min,0.02,0,4,6.8057
BSSA,1,Wielaw,median,0.06375,0.043478,12.5,7.2226
ECFBI,1,Wielaw,std,0.0341,0.0341,1.6633,1.0393
ECFBI,1,Wielaw,max,0.086957,0.086957,24,42.1882
ECFBI,1,Wielaw,min,0,0,20,38.4194
ECFBI,1,Wielaw,median,0.041667,0.041667,21,40.5992
