Algorithms,TransferFun,Benchmark,Metric,Best fitness,Error,NumOfFeatures,Time,Accuracy,Sensitivity,Specificity,Precision,MCC,F-measure
bMFO,1,thyroid_2class,mean,0.21316,0.21316,6.5,7.0466,0.78684,0.54306,0.97091,0.94667,0.59024,0.67733
bGWO,1,thyroid_2class,mean,0.23482,0.21889,4.3,7.2565,0.78111,0.49583,1,1,0.59708,0.65466
BGSA,1,thyroid_2class,mean,0.2225,0.20789,4,7.2087,0.79211,0.54444,0.98091,0.96905,0.60897,0.6847
BPSO,1,thyroid_2class,mean,0.23632,0.22442,3.7,7.1047,0.77558,0.50694,0.98091,0.96333,0.57262,0.63058
BBA,1,thyroid_2class,mean,0.23424,0.37561,3.8,7.0945,0.62439,0.16944,0.97091,0.48,0.21545,0.23306
BSSA,1,thyroid_2class,mean,0.23521,0.2193,4.3,7.2449,0.7807,0.51667,0.98182,0.96,0.58421,0.66268
ECFBI,1,thyroid_2class,mean,0.19281,0.19281,6.9,37.3138,0.80719,0.58056,0.98091,0.96905,0.63681,0.71883
