Algorithms,TransferFun,Benchmark,Metric,Best fitness,Error,NumOfFeatures,Time
bMFO,1,thyroid_2class,std,0.063949,0.063949,1.1785,0.25545
bMFO,1,thyroid_2class,max,0.31579,0.31579,8,7.4779
bMFO,1,thyroid_2class,min,0.11111,0.11111,5,6.5246
bMFO,1,thyroid_2class,median,0.21637,0.21637,6,7.0913
bGWO,1,thyroid_2class,std,0.053164,0.055654,0.67495,0.26547
bGWO,1,thyroid_2class,max,0.31,0.3,6,7.6895
bGWO,1,thyroid_2class,min,0.175,0.15789,4,6.9402
bGWO,1,thyroid_2class,median,0.24549,0.22222,4,7.2414
BGSA,1,thyroid_2class,std,0.0426,0.050503,1.2472,0.16003
BGSA,1,thyroid_2class,max,0.275,0.26316,6,7.627
BGSA,1,thyroid_2class,min,0.13681,0.11111,2,7.0268
BGSA,1,thyroid_2class,median,0.22812,0.21053,4,7.1834
BPSO,1,thyroid_2class,std,0.09022,0.10192,1.3375,0.30187
BPSO,1,thyroid_2class,max,0.3625,0.36842,6,7.4186
BPSO,1,thyroid_2class,min,0.08125,0.052632,2,6.4416
BPSO,1,thyroid_2class,median,0.2625,0.25658,3.5,7.1588
BBA,1,thyroid_2class,std,0.058899,0.10864,1.3984,0.23288
BBA,1,thyroid_2class,max,0.325,0.55556,6,7.4299
BBA,1,thyroid_2class,min,0.10278,0.15789,2,6.8008
BBA,1,thyroid_2class,median,0.24236,0.40497,4,7.1474
BSSA,1,thyroid_2class,std,0.052373,0.058447,1.2517,0.23181
BSSA,1,thyroid_2class,max,0.2875,0.27778,6,7.5521
BSSA,1,thyroid_2class,min,0.1375,0.10526,2,6.8372
BSSA,1,thyroid_2class,median,0.24931,0.24269,4,7.207
ECFBI,1,thyroid_2class,std,0.038233,0.038233,0.73786,0.81476
ECFBI,1,thyroid_2class,max,0.22222,0.22222,8,38.5334
ECFBI,1,thyroid_2class,min,0.10526,0.10526,6,35.8633
ECFBI,1,thyroid_2class,median,0.21053,0.21053,7,37.2925
