Algorithms,TransferFun,Benchmark,Metric,Accuracy,Sensitivity,Specificity,Precision,MCC,F-measure
bMFO,1,thyroid_2class,std,0.063949,0.1444,0.046906,0.086353,0.12756,0.13225
bMFO,1,thyroid_2class,max,0.88889,0.75,1,1,0.79057,0.85714
bMFO,1,thyroid_2class,min,0.68421,0.25,0.9,0.8,0.4022,0.4
bMFO,1,thyroid_2class,median,0.78363,0.59028,1,1,0.57946,0.69048
bGWO,1,thyroid_2class,std,0.055654,0.12337,0,0,0.0969,0.1118
bGWO,1,thyroid_2class,max,0.84211,0.625,1,1,0.70076,0.76923
bGWO,1,thyroid_2class,min,0.7,0.33333,1,1,0.46442,0.5
bGWO,1,thyroid_2class,median,0.77778,0.5,1,1,0.59761,0.66667
BGSA,1,thyroid_2class,std,0.050503,0.13777,0.040304,0.065494,0.088714,0.10307
BGSA,1,thyroid_2class,max,0.88889,0.75,1,1,0.79057,0.85714
BGSA,1,thyroid_2class,min,0.73684,0.375,0.9,0.83333,0.50775,0.54545
BGSA,1,thyroid_2class,median,0.78947,0.5,1,1,0.60157,0.66667
BPSO,1,thyroid_2class,std,0.10192,0.23996,0.040304,0.077698,0.19524,0.22015
BPSO,1,thyroid_2class,max,0.94737,0.875,1,1,0.89559,0.93333
BPSO,1,thyroid_2class,min,0.63158,0.125,0.9,0.8,0.27639,0.22222
BPSO,1,thyroid_2class,median,0.74342,0.47222,1,1,0.52639,0.61538
BBA,1,thyroid_2class,std,0.10864,0.22923,0.066501,0.50947,0.25643,0.29276
BBA,1,thyroid_2class,max,0.84211,0.625,1,1,0.70076,0.76923
BBA,1,thyroid_2class,min,0.44444,0,0.8,0,0,0
BBA,1,thyroid_2class,median,0.59503,0.0625,1,0.4,0.13558,0.11111
BSSA,1,thyroid_2class,std,0.058447,0.1291,0.038331,0.084327,0.11802,0.11243
BSSA,1,thyroid_2class,max,0.89474,0.75,1,1,0.79663,0.85714
BSSA,1,thyroid_2class,min,0.72222,0.375,0.90909,0.8,0.45868,0.54545
BSSA,1,thyroid_2class,median,0.75731,0.5,1,1,0.55268,0.64103
ECFBI,1,thyroid_2class,std,0.038233,0.10244,0.040304,0.065494,0.069231,0.068236
ECFBI,1,thyroid_2class,max,0.89474,0.75,1,1,0.79663,0.85714
ECFBI,1,thyroid_2class,min,0.77778,0.5,0.9,0.83333,0.5534,0.66667
ECFBI,1,thyroid_2class,median,0.78947,0.52778,1,1,0.60553,0.69048
