bMFO,1,thyroid_2class,1,0,1,1,0,1,1,1
bMFO,1,thyroid_2class,1,0,0,1,1,0,1,1
bMFO,1,thyroid_2class,1,0,1,1,1,1,1,1
bMFO,1,thyroid_2class,1,1,1,1,1,1,1,1
bMFO,1,thyroid_2class,1,1,1,1,1,1,1,1
bMFO,1,thyroid_2class,1,1,1,1,1,1,1,1
bMFO,1,thyroid_2class,1,1,0,1,0,1,1,1
bMFO,1,thyroid_2class,0,1,0,1,1,1,1,1
bMFO,1,thyroid_2class,1,0,1,1,0,1,1,0
bMFO,1,thyroid_2class,0,1,1,1,1,1,1,0
bGWO,1,thyroid_2class,1,0,0,1,1,1,0,0
bGWO,1,thyroid_2class,1,0,1,1,0,0,1,0
bGWO,1,thyroid_2class,1,0,1,1,0,0,1,0
bGWO,1,thyroid_2class,0,0,1,1,1,1,0,0
bGWO,1,thyroid_2class,0,0,1,1,0,1,0,1
bGWO,1,thyroid_2class,1,0,1,1,0,1,1,1
bGWO,1,thyroid_2class,1,0,0,1,0,1,0,1
bGWO,1,thyroid_2class,1,0,1,1,0,1,1,0
bGWO,1,thyroid_2class,1,1,0,1,0,0,1,0
bGWO,1,thyroid_2class,1,0,0,1,0,0,1,1
BGSA,1,thyroid_2class,1,0,0,1,0,0,0,0
BGSA,1,thyroid_2class,1,0,0,1,0,0,0,0
BGSA,1,thyroid_2class,1,0,0,1,0,1,1,1
BGSA,1,thyroid_2class,1,0,0,1,0,1,1,0
BGSA,1,thyroid_2class,0,0,1,1,0,1,0,1
BGSA,1,thyroid_2class,0,0,1,1,1,1,0,0
BGSA,1,thyroid_2class,0,1,1,1,1,1,0,1
BGSA,1,thyroid_2class,1,0,1,1,0,0,1,0
BGSA,1,thyroid_2class,0,0,0,1,1,1,0,1
BGSA,1,thyroid_2class,1,0,1,1,0,1,1,0
BPSO,1,thyroid_2class,1,0,0,1,0,0,1,1
BPSO,1,thyroid_2class,0,0,0,1,0,1,0,0
BPSO,1,thyroid_2class,0,0,0,1,0,1,0,1
BPSO,1,thyroid_2class,1,0,1,1,0,1,1,1
BPSO,1,thyroid_2class,1,0,1,1,0,1,0,1
BPSO,1,thyroid_2class,1,0,0,1,0,0,1,0
BPSO,1,thyroid_2class,1,0,1,0,0,0,1,0
BPSO,1,thyroid_2class,0,1,0,1,0,0,0,0
BPSO,1,thyroid_2class,1,0,1,1,0,0,1,0
BPSO,1,thyroid_2class,1,0,1,1,1,0,1,0
BBA,1,thyroid_2class,1,0,0,1,1,1,1,1
BBA,1,thyroid_2class,0,1,1,0,1,0,0,1
BBA,1,thyroid_2class,0,0,1,0,0,1,1,0
BBA,1,thyroid_2class,0,0,1,1,0,1,0,1
BBA,1,thyroid_2class,1,1,1,0,0,0,0,1
BBA,1,thyroid_2class,1,0,0,1,0,1,0,0
BBA,1,thyroid_2class,0,0,1,0,0,1,0,0
BBA,1,thyroid_2class,0,0,0,1,1,1,1,0
BBA,1,thyroid_2class,0,1,0,1,0,0,0,0
BBA,1,thyroid_2class,0,0,1,1,1,1,1,1
BSSA,1,thyroid_2class,1,1,1,1,0,1,0,1
BSSA,1,thyroid_2class,1,1,1,1,0,1,1,0
BSSA,1,thyroid_2class,1,0,0,1,0,0,1,0
BSSA,1,thyroid_2class,1,0,1,1,0,0,1,0
BSSA,1,thyroid_2class,1,0,0,1,0,1,0,1
BSSA,1,thyroid_2class,1,0,1,1,1,1,0,0
BSSA,1,thyroid_2class,1,0,0,1,1,1,0,1
BSSA,1,thyroid_2class,1,0,0,0,0,1,0,0
BSSA,1,thyroid_2class,1,0,0,1,0,0,1,1
BSSA,1,thyroid_2class,1,0,0,1,0,1,1,0
ECFBI,1,thyroid_2class,1,1,0,1,1,1,1,1
ECFBI,1,thyroid_2class,1,1,1,1,1,0,1,0
ECFBI,1,thyroid_2class,0,1,1,1,1,1,0,1
ECFBI,1,thyroid_2class,1,1,1,1,0,1,1,1
ECFBI,1,thyroid_2class,1,1,1,1,0,1,1,1
ECFBI,1,thyroid_2class,1,0,1,1,0,1,1,1
ECFBI,1,thyroid_2class,1,1,1,1,1,1,1,1
ECFBI,1,thyroid_2class,1,1,1,1,1,1,1,1
ECFBI,1,thyroid_2class,1,1,1,1,0,1,1,1
ECFBI,1,thyroid_2class,1,1,1,1,0,1,1,1
