Algorithms,TransferFun,Benchmark,Metric,Best fitness,Error,NumOfFeatures,Time,Accuracy,Sensitivity,Specificity,Precision,MCC,F-measure
bMFO,1,IonosphereEW,mean,0.028338,0.028338,24,8.5245,0.97166,1,0.92244,0.95925,0.94036,0.97871
bGWO,1,IonosphereEW,mean,0.0090378,0.0028571,4.3,8.4983,0.99714,1,0.99167,0.99583,0.99373,0.99787
BGSA,1,IonosphereEW,mean,0.010874,0.0027778,5.6,8.4832,0.99722,1,0.99231,0.99583,0.99405,0.99787
BPSO,1,IonosphereEW,mean,0.0125,0,8.5,8.0389,1,1,1,1,1,1
BBA,1,IonosphereEW,mean,0.056022,0.14277,12.7,8.2262,0.85723,0.96383,0.66795,0.83876,0.69483,0.89595
BSSA,1,IonosphereEW,mean,0.032236,0.016905,11,8.3452,0.9831,0.99565,0.96026,0.9788,0.96343,0.98705
ECFBI,1,IonosphereEW,mean,0.0045425,0.0027778,20.5,46.9154,0.99722,1,0.99231,0.99583,0.99405,0.99787
