Algorithms,TransferFun,Benchmark,Metric,Best fitness,Error,NumOfFeatures,Time
bMFO,1,IonosphereEW,std,0.032996,0.032996,2.4944,0.11069
bMFO,1,IonosphereEW,max,0.11429,0.11429,28,8.6753
bMFO,1,IonosphereEW,min,0,0,21,8.3593
bMFO,1,IonosphereEW,median,0.027778,0.027778,24,8.5043
bGWO,1,IonosphereEW,std,0.0085977,0.0090351,1.1595,0.31699
bGWO,1,IonosphereEW,max,0.033025,0.028571,6,8.881
bGWO,1,IonosphereEW,min,0.0029412,0,2,8.0357
bGWO,1,IonosphereEW,median,0.0058824,0,4,8.5487
BGSA,1,IonosphereEW,std,0.0091504,0.0087841,0.96609,0.20222
BGSA,1,IonosphereEW,max,0.036683,0.027778,7,8.7766
BGSA,1,IonosphereEW,min,0.0058824,0,4,8.1813
BGSA,1,IonosphereEW,median,0.0080882,0,5.5,8.4596
BPSO,1,IonosphereEW,std,0.0023252,0,1.5811,0.22614
BPSO,1,IonosphereEW,max,0.016176,0,11,8.5036
BPSO,1,IonosphereEW,min,0.010294,0,7,7.7568
BPSO,1,IonosphereEW,median,0.011765,0,8,7.9604
BBA,1,IonosphereEW,std,0.019506,0.066617,3.9735,0.15222
BBA,1,IonosphereEW,max,0.10123,0.28571,18,8.3925
BBA,1,IonosphereEW,min,0.042565,0.057143,5,7.8951
BBA,1,IonosphereEW,median,0.046283,0.11765,12.5,8.2597
BSSA,1,IonosphereEW,std,0.017001,0.019577,4.6188,0.16448
BSSA,1,IonosphereEW,max,0.05719,0.055556,17,8.6047
BSSA,1,IonosphereEW,min,0.010294,0,3,8.0692
BSSA,1,IonosphereEW,median,0.029748,0.013889,12,8.3257
ECFBI,1,IonosphereEW,std,0.0098696,0.0087841,4.79,0.94591
ECFBI,1,IonosphereEW,max,0.027778,0.027778,27,47.8401
ECFBI,1,IonosphereEW,min,0,0,12,44.5282
ECFBI,1,IonosphereEW,median,0,0,22,47.2493
