Algorithms,TransferFun,Benchmark,Metric,Accuracy,Sensitivity,Specificity,Precision,MCC,F-measure
bMFO,1,IonosphereEW,std,0.032996,0,0.088846,0.044461,0.067747,0.024062
bMFO,1,IonosphereEW,max,1,1,1,1,1,1
bMFO,1,IonosphereEW,min,0.88571,1,0.69231,0.84615,0.76537,0.91667
bMFO,1,IonosphereEW,median,0.97222,1,0.92308,0.95833,0.94054,0.97872
bGWO,1,IonosphereEW,std,0.0090351,0,0.026352,0.013176,0.019837,0.0067283
bGWO,1,IonosphereEW,max,1,1,1,1,1,1
bGWO,1,IonosphereEW,min,0.97143,1,0.91667,0.95833,0.93727,0.97872
bGWO,1,IonosphereEW,median,1,1,1,1,1,1
BGSA,1,IonosphereEW,std,0.0087841,0,0.024325,0.013176,0.018803,0.0067283
BGSA,1,IonosphereEW,max,1,1,1,1,1,1
BGSA,1,IonosphereEW,min,0.97222,1,0.92308,0.95833,0.94054,0.97872
BGSA,1,IonosphereEW,median,1,1,1,1,1,1
BPSO,1,IonosphereEW,std,0,0,0,0,0,0
BPSO,1,IonosphereEW,max,1,1,1,1,1,1
BPSO,1,IonosphereEW,min,1,1,1,1,1,1
BPSO,1,IonosphereEW,median,1,1,1,1,1,1
BBA,1,IonosphereEW,std,0.066617,0.067052,0.11086,0.053809,0.14783,0.050997
BBA,1,IonosphereEW,max,0.94286,1,0.84615,0.92,0.8756,0.95833
BBA,1,IonosphereEW,min,0.71429,0.81818,0.53846,0.75,0.37121,0.78261
BBA,1,IonosphereEW,median,0.88235,1,0.66667,0.84615,0.75107,0.91667
BSSA,1,IonosphereEW,std,0.019577,0.013749,0.041959,0.022352,0.042391,0.015145
BSSA,1,IonosphereEW,max,1,1,1,1,1,1
BSSA,1,IonosphereEW,min,0.94444,0.95652,0.91667,0.95652,0.8796,0.95652
BSSA,1,IonosphereEW,median,0.98611,1,0.96154,0.97917,0.97027,0.98936
ECFBI,1,IonosphereEW,std,0.0087841,0,0.024325,0.013176,0.018803,0.0067283
ECFBI,1,IonosphereEW,max,1,1,1,1,1,1
ECFBI,1,IonosphereEW,min,0.97222,1,0.92308,0.95833,0.94054,0.97872
ECFBI,1,IonosphereEW,median,1,1,1,1,1,1
