Algorithms,TransferFun,Benchmark,Metric,Best fitness,Error,NumOfFeatures,Time
bMFO,1,primary-tumor,std,0.067467,0.067467,0.69921,0.51499
bMFO,1,primary-tumor,max,0.62857,0.62857,14,10.6539
bMFO,1,primary-tumor,min,0.43333,0.43333,12,9.1247
bMFO,1,primary-tumor,median,0.49242,0.49242,12.5,9.9514
bGWO,1,primary-tumor,std,0.040619,0.043736,1.2293,0.19471
bGWO,1,primary-tumor,max,0.59635,0.60606,10,10.9998
bGWO,1,primary-tumor,min,0.46765,0.46875,7,10.393
bGWO,1,primary-tumor,median,0.53667,0.53705,9,10.6749
BGSA,1,primary-tumor,std,0.040538,0.044393,2.1213,0.42489
BGSA,1,primary-tumor,max,0.56912,0.55882,13,10.9994
BGSA,1,primary-tumor,min,0.4278,0.41935,6,9.5171
BGSA,1,primary-tumor,median,0.52831,0.53005,9.5,10.3516
BPSO,1,primary-tumor,std,0.029472,0.032538,1.567,0.12122
BPSO,1,primary-tumor,max,0.5579,0.5625,11,10.4218
BPSO,1,primary-tumor,min,0.45829,0.45455,6,9.9909
BPSO,1,primary-tumor,median,0.51615,0.5139,8,10.2813
BBA,1,primary-tumor,std,0.035693,0.071081,1.912,0.31073
BBA,1,primary-tumor,max,0.66618,0.76471,12,10.9345
BBA,1,primary-tumor,min,0.56029,0.57576,6,9.8114
BBA,1,primary-tumor,median,0.62486,0.6619,7.5,10.5152
BSSA,1,primary-tumor,std,0.059577,0.06181,1.1785,0.56099
BSSA,1,primary-tumor,max,0.65664,0.65714,12,11.1344
BSSA,1,primary-tumor,min,0.46123,0.45455,8,9.2676
BSSA,1,primary-tumor,median,0.51708,0.50714,10.5,9.9316
ECFBI,1,primary-tumor,std,0.048881,0.048881,1.6865,1.5576
ECFBI,1,primary-tumor,max,0.54545,0.54545,16,56.4141
ECFBI,1,primary-tumor,min,0.4,0.4,10,51.6052
ECFBI,1,primary-tumor,median,0.52778,0.52778,12,54.4616
