Algorithms,TransferFun,Benchmark,Metric,Accuracy,Sensitivity,Specificity,Precision,MCC,F-measure
bMFO,1,primary-tumor,std,0.058353,0,0,0.058353,0,0
bMFO,1,primary-tumor,max,0.51613,0,0,0.51613,0,0
bMFO,1,primary-tumor,min,0.36111,0,0,0.36111,0,0
bMFO,1,primary-tumor,median,0.47749,0,0,0.47749,0,0
bGWO,1,primary-tumor,std,0.041572,0,0,0.041572,0,0
bGWO,1,primary-tumor,max,0.52941,0,0,0.52941,0,0
bGWO,1,primary-tumor,min,0.39394,0,0,0.39394,0,0
bGWO,1,primary-tumor,median,0.45584,0,0,0.45584,0,0
BGSA,1,primary-tumor,std,0.041417,0,0,0.041417,0,0
BGSA,1,primary-tumor,max,0.5625,0,0,0.5625,0,0
BGSA,1,primary-tumor,min,0.42857,0,0,0.42857,0,0
BGSA,1,primary-tumor,median,0.45308,0,0,0.45308,0,0
BPSO,1,primary-tumor,std,0.033914,0,0,0.033914,0,0
BPSO,1,primary-tumor,max,0.52941,0,0,0.52941,0,0
BPSO,1,primary-tumor,min,0.42424,0,0,0.42424,0,0
BPSO,1,primary-tumor,median,0.47259,0,0,0.47259,0,0
BBA,1,primary-tumor,std,0.068364,0,0,0.068364,0,0
BBA,1,primary-tumor,max,0.42424,0,0,0.42424,0,0
BBA,1,primary-tumor,min,0.23529,0,0,0.23529,0,0
BBA,1,primary-tumor,median,0.31754,0,0,0.31754,0,0
BSSA,1,primary-tumor,std,0.058708,0,0,0.058708,0,0
BSSA,1,primary-tumor,max,0.54545,0,0,0.54545,0,0
BSSA,1,primary-tumor,min,0.34286,0,0,0.34286,0,0
BSSA,1,primary-tumor,median,0.47051,0,0,0.47051,0,0
ECFBI,1,primary-tumor,std,0.049512,0,0,0.049512,0,0
ECFBI,1,primary-tumor,max,0.6,0,0,0.6,0,0
ECFBI,1,primary-tumor,min,0.42857,0,0,0.42857,0,0
ECFBI,1,primary-tumor,median,0.46863,0,0,0.46863,0,0
