Algorithms,TransferFun,Benchmark,Metric,Best fitness,Error,NumOfFeatures,Time,Accuracy,Sensitivity,Specificity,Precision,MCC,F-measure
bMFO,1,primary-tumor,mean,0.52392,0.52392,12.6,9.9708,0.45602,0,0,0.45602,0,0
bGWO,1,primary-tumor,mean,0.53529,0.53622,8.8,10.703,0.45665,0,0,0.45665,0,0
BGSA,1,primary-tumor,mean,0.52012,0.51809,9.5,10.3231,0.46105,0,0,0.46105,0,0
BPSO,1,primary-tumor,mean,0.51224,0.51226,8.7,10.2518,0.47514,0,0,0.47514,0,0
BBA,1,primary-tumor,mean,0.61284,0.67532,7.9,10.4338,0.31612,0,0,0.31612,0,0
BSSA,1,primary-tumor,mean,0.53602,0.53173,10.5,10.0795,0.45796,0,0,0.45796,0,0
ECFBI,1,primary-tumor,mean,0.5041,0.5041,12.2,54.1474,0.47607,0,0,0.47607,0,0
