Algorithms,TransferFun,Benchmark,Metric,Accuracy,Sensitivity,Specificity,Precision,MCC,F-measure
bMFO,1,JPNdata,std,0.045309,0.045175,0.087401,0.07375,0.083018,0.042606
bMFO,1,JPNdata,max,1,1,1,1,1,1
bMFO,1,JPNdata,min,0.875,0.85714,0.75,0.8,0.7746,0.88889
bMFO,1,JPNdata,median,1,1,1,1,1,1
bGWO,1,JPNdata,std,0.054732,0.052705,0.091462,0.080932,0.10373,0.051692
bGWO,1,JPNdata,max,1,1,1,1,1,1
bGWO,1,JPNdata,min,0.86667,0.875,0.75,0.77778,0.73214,0.875
bGWO,1,JPNdata,median,0.96875,1,1,1,0.94096,0.97059
BGSA,1,JPNdata,std,0.034848,0.060381,0.056626,0.049884,0.065514,0.034389
BGSA,1,JPNdata,max,1,1,1,1,1,1
BGSA,1,JPNdata,min,0.92857,0.875,0.85714,0.875,0.86603,0.93333
BGSA,1,JPNdata,median,0.96875,1,1,1,0.94096,0.97059
BPSO,1,JPNdata,std,0.031721,0.056626,0.039528,0.035136,0.059755,0.032871
BPSO,1,JPNdata,max,1,1,1,1,1,1
BPSO,1,JPNdata,min,0.92857,0.85714,0.875,0.88889,0.86603,0.92308
BPSO,1,JPNdata,median,1,1,1,1,1,1
BBA,1,JPNdata,std,0.10419,0.18767,0.17817,0.14515,0.20836,0.12354
BBA,1,JPNdata,max,1,1,1,1,1,1
BBA,1,JPNdata,min,0.66667,0.42857,0.5,0.6,0.33929,0.54545
BBA,1,JPNdata,median,0.71042,0.625,0.8125,0.75,0.43849,0.71658
BSSA,1,JPNdata,std,0.032367,0.039528,0.056626,0.049884,0.060828,0.031014
BSSA,1,JPNdata,max,1,1,1,1,1,1
BSSA,1,JPNdata,min,0.92857,0.875,0.85714,0.875,0.86603,0.93333
BSSA,1,JPNdata,median,1,1,1,1,1,1
ECFBI,1,JPNdata,std,0.028109,0.045175,0.039528,0.039528,0.053156,0.030368
ECFBI,1,JPNdata,max,1,1,1,1,1,1
ECFBI,1,JPNdata,min,0.93333,0.85714,0.875,0.875,0.87287,0.92308
ECFBI,1,JPNdata,median,1,1,1,1,1,1
