Algorithms,TransferFun,Benchmark,Metric,Best fitness,Error,NumOfFeatures,Time
bMFO,1,JPNdata,std,0.045309,0.045309,1.1353,0.15335
bMFO,1,JPNdata,max,0.125,0.125,9,8.0675
bMFO,1,JPNdata,min,0,0,5,7.4433
bMFO,1,JPNdata,median,0,0,6,7.7168
bGWO,1,JPNdata,std,0.050594,0.054732,1.2867,0.24897
bGWO,1,JPNdata,max,0.13667,0.13333,5,8.0932
bGWO,1,JPNdata,min,0.005,0,1,7.3194
bGWO,1,JPNdata,median,0.044688,0.03125,2,7.734
BGSA,1,JPNdata,std,0.033941,0.034848,0.82327,0.27351
BGSA,1,JPNdata,max,0.087857,0.071429,4,7.9079
BGSA,1,JPNdata,min,0.01,0,1,7.0814
BGSA,1,JPNdata,median,0.041667,0.03125,3,7.5216
BPSO,1,JPNdata,std,0.033595,0.031721,0.82327,0.19322
BPSO,1,JPNdata,max,0.087857,0.071429,4,7.7034
BPSO,1,JPNdata,min,0.01,0,2,7.1829
BPSO,1,JPNdata,median,0.0125,0,2.5,7.568
BBA,1,JPNdata,std,0.06158,0.10419,1.4337,0.31183
BBA,1,JPNdata,max,0.22357,0.33333,6,7.9021
BBA,1,JPNdata,min,0.02,0,1,6.9749
BBA,1,JPNdata,median,0.080833,0.28958,3.5,7.62
BSSA,1,JPNdata,std,0.029731,0.032367,0.67495,0.27687
BSSA,1,JPNdata,max,0.074375,0.071429,3,8.0559
BSSA,1,JPNdata,min,0.01,0,1,7.224
BSSA,1,JPNdata,median,0.015,0,2,7.6242
ECFBI,1,JPNdata,std,0.028109,0.028109,1.3984,0.77173
ECFBI,1,JPNdata,max,0.066667,0.066667,8,41.6209
ECFBI,1,JPNdata,min,0,0,4,39.2222
ECFBI,1,JPNdata,median,0,0,6,40.108
