Algorithms,TransferFun,Benchmark,Metric,Best fitness,Error,NumOfFeatures,Time
bMFO,1,Vote,std,0.016475,0.016475,1.4298,0.12265
bMFO,1,Vote,max,0.034483,0.034483,14,7.656
bMFO,1,Vote,min,0,0,10,7.2093
bMFO,1,Vote,median,0,0,11.5,7.4374
bGWO,1,Vote,std,0.031531,0.032211,1.3375,0.30465
bGWO,1,Vote,max,0.10437,0.1,5,8.0355
bGWO,1,Vote,min,0.003125,0,1,7.1104
bGWO,1,Vote,median,0.014063,0,2.5,7.65
BGSA,1,Vote,std,0.024087,0.022498,1.5811,0.19888
BGSA,1,Vote,max,0.082083,0.066667,6,7.8466
BGSA,1,Vote,min,0.00625,0,2,7.2489
BGSA,1,Vote,median,0.009375,0,3,7.6696
BPSO,1,Vote,std,0.014267,0.01408,1.4907,0.2417
BPSO,1,Vote,max,0.048384,0.034483,5,8.0014
BPSO,1,Vote,min,0.003125,0,1,7.1077
BPSO,1,Vote,median,0.010938,0,3,7.5394
BBA,1,Vote,std,0.026978,0.192,2.1318,0.18631
BBA,1,Vote,max,0.082083,0.63333,8,8.1191
BBA,1,Vote,min,0.00625,0,2,7.6045
BBA,1,Vote,median,0.049906,0.084483,5.5,7.8459
BSSA,1,Vote,std,0.026938,0.029078,3.035,0.30426
BSSA,1,Vote,max,0.078017,0.068966,10,8.2114
BSSA,1,Vote,min,0.003125,0,1,7.2658
BSSA,1,Vote,median,0.015625,0,4,7.7764
ECFBI,1,Vote,std,0.025957,0.021082,3.0478,1.1482
ECFBI,1,Vote,max,0.082083,0.066667,14,43.3733
ECFBI,1,Vote,min,0,0,5,39.6651
ECFBI,1,Vote,median,0,0,10,41.3297
