Algorithms,TransferFun,Benchmark,Metric,Best fitness,Error,NumOfFeatures,Time
bMFO,1,heart,std,0.039814,0.039814,0.94281,0.25746
bMFO,1,heart,max,0.11111,0.11111,9,7.7154
bMFO,1,heart,min,0,0,6,6.9502
bMFO,1,heart,median,0.074074,0.074074,8,7.5171
bGWO,1,heart,std,0.045801,0.049383,1.075,0.20738
bGWO,1,heart,max,0.19516,0.18519,7,8.022
bGWO,1,heart,min,0.05057,0.037037,4,7.3426
bGWO,1,heart,median,0.075855,0.055556,5,7.5156
BGSA,1,heart,std,0.039603,0.043474,1.1353,0.26418
BGSA,1,heart,max,0.15997,0.14815,8,7.8526
BGSA,1,heart,min,0.030769,0,5,7.1457
BGSA,1,heart,median,0.058262,0.037037,6,7.4664
BPSO,1,heart,std,0.027394,0.031232,1.3375,0.25259
BPSO,1,heart,max,0.12094,0.11111,8,7.7131
BPSO,1,heart,min,0.019231,0,4,6.9232
BPSO,1,heart,median,0.064031,0.037037,5,7.3591
BBA,1,heart,std,0.051225,0.12883,1.7764,0.15205
BBA,1,heart,max,0.20285,0.40741,9,7.8091
BBA,1,heart,min,0.062108,0.074074,4,7.2701
BBA,1,heart,median,0.11873,0.25926,7,7.6372
BSSA,1,heart,std,0.027079,0.030492,2.3781,0.32259
BSSA,1,heart,max,0.13632,0.11111,10,7.8331
BSSA,1,heart,min,0.034615,0,4,6.8813
BSSA,1,heart,median,0.071724,0.037037,7,7.578
ECFBI,1,heart,std,0.027328,0.027328,1.354,0.80045
ECFBI,1,heart,max,0.074074,0.074074,10,42.1347
ECFBI,1,heart,min,0,0,6,39.5784
ECFBI,1,heart,median,0.037037,0.037037,7.5,41.477
