Algorithms,TransferFun,Benchmark,Metric,Best fitness,Error,NumOfFeatures,Time,Accuracy,Sensitivity,Specificity,Precision,MCC,F-measure
bMFO,1,Leukemia1,mean,0,0,4177.6,53.6958,1,0.9,1,0.9,0.9,0.9
bGWO,1,Leukemia1,mean,0.0035395,0,377.1,103.0637,1,0.9,1,0.9,0.9,0.9
BGSA,1,Leukemia1,mean,0.019642,0,2092.7,91.2384,1,0.9,1,0.9,0.9,0.9
BPSO,1,Leukemia1,mean,0.022425,0,2389.2,41.1983,1,0.9,1,0.9,0.9,0.9
BBA,1,Leukemia1,mean,0.019176,0.066071,2215,42.1132,0.96667,0.8,1,0.8,0.8,0.8
BSSA,1,Leukemia1,mean,0.0033067,0,352.3,40.8442,1,0.9,1,0.9,0.9,0.9
ECFBI,1,Leukemia1,mean,0,0,4261.4,333.1546,1,0.9,1,0.9,0.9,0.9
