Algorithms,TransferFun,Benchmark,Metric,Accuracy,Sensitivity,Specificity,Precision,MCC,F-measure
bMFO,1,Leukemia1,std,0,0.31623,0,0.31623,0.31623,0.31623
bMFO,1,Leukemia1,max,1,1,1,1,1,1
bMFO,1,Leukemia1,min,1,0,1,0,0,0
bMFO,1,Leukemia1,median,1,1,1,1,1,1
bGWO,1,Leukemia1,std,0,0.31623,0,0.31623,0.31623,0.31623
bGWO,1,Leukemia1,max,1,1,1,1,1,1
bGWO,1,Leukemia1,min,1,0,1,0,0,0
bGWO,1,Leukemia1,median,1,1,1,1,1,1
BGSA,1,Leukemia1,std,0,0.31623,0,0.31623,0.31623,0.31623
BGSA,1,Leukemia1,max,1,1,1,1,1,1
BGSA,1,Leukemia1,min,1,0,1,0,0,0
BGSA,1,Leukemia1,median,1,1,1,1,1,1
BPSO,1,Leukemia1,std,0,0.31623,0,0.31623,0.31623,0.31623
BPSO,1,Leukemia1,max,1,1,1,1,1,1
BPSO,1,Leukemia1,min,1,0,1,0,0,0
BPSO,1,Leukemia1,median,1,1,1,1,1,1
BBA,1,Leukemia1,std,0.10541,0.42164,0,0.42164,0.42164,0.42164
BBA,1,Leukemia1,max,1,1,1,1,1,1
BBA,1,Leukemia1,min,0.66667,0,1,0,0,0
BBA,1,Leukemia1,median,1,1,1,1,1,1
BSSA,1,Leukemia1,std,0,0.31623,0,0.31623,0.31623,0.31623
BSSA,1,Leukemia1,max,1,1,1,1,1,1
BSSA,1,Leukemia1,min,1,0,1,0,0,0
BSSA,1,Leukemia1,median,1,1,1,1,1,1
ECFBI,1,Leukemia1,std,0,0.31623,0,0.31623,0.31623,0.31623
ECFBI,1,Leukemia1,max,1,1,1,1,1,1
ECFBI,1,Leukemia1,min,1,0,1,0,0,0
ECFBI,1,Leukemia1,median,1,1,1,1,1,1
