Algorithms,TransferFun,Benchmark,Metric,Best fitness,Error,NumOfFeatures,Time
bMFO,1,Leukemia1,std,0,0,43.0328,1.0414
bMFO,1,Leukemia1,max,0,0,4237,56.1437
bMFO,1,Leukemia1,min,0,0,4105,52.2056
bMFO,1,Leukemia1,median,0,0,4181.5,53.5494
bGWO,1,Leukemia1,std,0.00019551,0,20.8297,2.0234
bGWO,1,Leukemia1,max,0.0038202,0,407,105.4684
bGWO,1,Leukemia1,min,0.0032945,0,351,100.0059
bGWO,1,Leukemia1,median,0.0034916,0,372,103.1115
BGSA,1,Leukemia1,std,0.00042656,0,45.4461,3.2682
BGSA,1,Leukemia1,max,0.020518,0,2186,97.2154
BGSA,1,Leukemia1,min,0.019129,0,2038,87.0841
BGSA,1,Leukemia1,median,0.01949,0,2076.5,90.9402
BPSO,1,Leukemia1,std,0.00024371,0,25.9649,1.0743
BPSO,1,Leukemia1,max,0.022799,0,2429,42.9991
BPSO,1,Leukemia1,min,0.022067,0,2351,39.378
BPSO,1,Leukemia1,median,0.022381,0,2384.5,41.0657
BBA,1,Leukemia1,std,0.0024156,0.11358,165.4825,1.2128
BBA,1,Leukemia1,max,0.021757,0.28571,2437,43.3028
BBA,1,Leukemia1,min,0.015994,0,1827,39.6511
BBA,1,Leukemia1,median,0.020021,0,2230,42.3418
BSSA,1,Leukemia1,std,0.0010948,0,116.6362,1.8847
BSSA,1,Leukemia1,max,0.0050685,0,540,43.0423
BSSA,1,Leukemia1,min,0.0020743,0,221,37.7522
BSSA,1,Leukemia1,median,0.0030787,0,328,41.0654
ECFBI,1,Leukemia1,std,0,0,50.5793,5.6251
ECFBI,1,Leukemia1,max,0,0,4353,342.054
ECFBI,1,Leukemia1,min,0,0,4157,325.1315
ECFBI,1,Leukemia1,median,0,0,4260.5,333.6652
