Algorithms,TransferFun,Benchmark,Metric,Best fitness,Error,NumOfFeatures,Time
bMFO,1,Australian,std,0.023855,0.023855,0.94281,0.44495
bMFO,1,Australian,max,0.12857,0.12857,11,15.1115
bMFO,1,Australian,min,0.043478,0.043478,8,13.6439
bMFO,1,Australian,median,0.07971,0.07971,9,14.4486
bGWO,1,Australian,std,0.03082,0.036127,1.3166,0.54132
bGWO,1,Australian,max,0.13463,0.13043,7,13.5447
bGWO,1,Australian,min,0.052143,0.028571,3,11.9495
bGWO,1,Australian,median,0.096894,0.086957,5,12.7176
BGSA,1,Australian,std,0.02229,0.021498,1.3703,0.4497
BGSA,1,Australian,max,0.11781,0.10145,8,13.8413
BGSA,1,Australian,min,0.045798,0.029412,4,12.5771
BGSA,1,Australian,median,0.10013,0.079622,6,13.1786
BPSO,1,Australian,std,0.034358,0.037583,1.4181,0.27745
BPSO,1,Australian,max,0.15357,0.14286,9,13.4561
BPSO,1,Australian,min,0.038768,0.014493,5,12.6751
BPSO,1,Australian,median,0.087463,0.072479,6,13.2692
BBA,1,Australian,std,0.021622,0.080907,1.5951,0.28523
BBA,1,Australian,max,0.18429,0.4,9,13.7286
BBA,1,Australian,min,0.11781,0.13043,4,12.6081
BBA,1,Australian,median,0.14024,0.18109,5.5,13.0294
BSSA,1,Australian,std,0.023778,0.025448,1.2293,0.31478
BSSA,1,Australian,max,0.128,0.11594,8,13.9664
BSSA,1,Australian,min,0.048965,0.028986,4,12.8812
BSSA,1,Australian,median,0.11331,0.094842,6,13.2439
ECFBI,1,Australian,std,0.021104,0.021104,1.8738,1.1274
ECFBI,1,Australian,max,0.11765,0.11765,11,75.7707
ECFBI,1,Australian,min,0.042857,0.042857,5,72.3096
ECFBI,1,Australian,median,0.071946,0.071946,8,73.6989
