Algorithms,TransferFun,Benchmark,Metric,Best fitness,Error,NumOfFeatures,Time,Accuracy,Sensitivity,Specificity,Precision,MCC,F-measure
bMFO,1,Parkinson,mean,0.030556,0.030556,16.2,6.9634,0.96944,0.97952,0.94,0.98199,0.92194,0.97992
bGWO,1,Parkinson,mean,0.029732,0.025556,2.4,7.24,0.97444,0.98667,0.935,0.98042,0.93179,0.98321
BGSA,1,Parkinson,mean,0.036273,0.030526,3.2,7.0815,0.96947,0.98571,0.92,0.975,0.92234,0.97969
BPSO,1,Parkinson,mean,0.024682,0.02,2.5,6.9181,0.98,1,0.92,0.97574,0.94597,0.9873
BBA,1,Parkinson,mean,0.067386,0.16947,8.7,6.8818,0.83053,0.88571,0.665,0.89179,0.53029,0.88671
BSSA,1,Parkinson,mean,0.029068,0.015526,6.3,6.971,0.98447,0.98619,0.98,0.99333,0.96257,0.9894
ECFBI,1,Parkinson,mean,0.010526,0.010526,14.6,39.668,0.98947,1,0.955,0.98708,0.97026,0.99333
