Algorithms,TransferFun,Benchmark,Metric,Best fitness,Error,NumOfFeatures,Time
bMFO,1,Parkinson,std,0.035355,0.035355,2.1499,0.36574
bMFO,1,Parkinson,max,0.1,0.1,18,7.4693
bMFO,1,Parkinson,min,0,0,12,6.5505
bMFO,1,Parkinson,median,0.025,0.025,17,6.8689
bGWO,1,Parkinson,std,0.034429,0.035832,0.84327,0.19122
bGWO,1,Parkinson,max,0.099545,0.1,4,7.7111
bGWO,1,Parkinson,min,0.0022727,0,1,7.0594
bGWO,1,Parkinson,median,0.0068182,0,2,7.2248
BGSA,1,Parkinson,std,0.025505,0.026292,1.1353,0.38131
BGSA,1,Parkinson,max,0.061364,0.052632,5,7.8742
BGSA,1,Parkinson,min,0.0045455,0,2,6.679
BGSA,1,Parkinson,median,0.054318,0.05,3,7.0026
BPSO,1,Parkinson,std,0.033303,0.03496,1.0801,0.22768
BPSO,1,Parkinson,max,0.10182,0.1,4,7.3196
BPSO,1,Parkinson,min,0.0022727,0,1,6.6142
BPSO,1,Parkinson,median,0.0079545,0,2.5,6.8159
BBA,1,Parkinson,std,0.035857,0.07332,3.3682,0.38769
BBA,1,Parkinson,max,0.11591,0.26316,14,7.7222
BBA,1,Parkinson,min,0.013636,0.05,3,6.4744
BBA,1,Parkinson,median,0.063523,0.15395,8.5,6.7915
BSSA,1,Parkinson,std,0.020945,0.02501,3.1287,0.22223
BSSA,1,Parkinson,max,0.065682,0.052632,13,7.2649
BSSA,1,Parkinson,min,0.011364,0,2,6.5016
BSSA,1,Parkinson,median,0.015909,0,6.5,6.9958
ECFBI,1,Parkinson,std,0.022191,0.022191,2.9889,0.86896
ECFBI,1,Parkinson,max,0.052632,0.052632,19,40.6841
ECFBI,1,Parkinson,min,0,0,10,38.3714
ECFBI,1,Parkinson,median,0,0,14.5,39.8492
