Algorithms,TransferFun,Benchmark,Metric,Accuracy,Sensitivity,Specificity,Precision,MCC,F-measure
bMFO,1,Parkinson,std,0.035355,0.032995,0.13499,0.040141,0.093195,0.02277
bMFO,1,Parkinson,max,1,1,1,1,1,1
bMFO,1,Parkinson,min,0.9,0.92857,0.6,0.88235,0.72761,0.9375
bMFO,1,Parkinson,median,0.975,1,1,1,0.94096,0.98387
bGWO,1,Parkinson,std,0.035832,0.028109,0.10554,0.031553,0.096126,0.023675
bGWO,1,Parkinson,max,1,1,1,1,1,1
bGWO,1,Parkinson,min,0.9,0.93333,0.75,0.93333,0.73333,0.93333
bGWO,1,Parkinson,median,1,1,1,1,1,1
BGSA,1,Parkinson,std,0.026292,0.030117,0.10328,0.032275,0.067042,0.017577
BGSA,1,Parkinson,max,1,1,1,1,1,1
BGSA,1,Parkinson,min,0.94737,0.92857,0.8,0.9375,0.86603,0.96296
BGSA,1,Parkinson,median,0.95,1,1,1,0.87966,0.96774
BPSO,1,Parkinson,std,0.03496,0,0.13984,0.041854,0.094809,0.022046
BPSO,1,Parkinson,max,1,1,1,1,1,1
BPSO,1,Parkinson,min,0.9,1,0.6,0.88235,0.72761,0.9375
BPSO,1,Parkinson,median,1,1,1,1,1,1
BBA,1,Parkinson,std,0.07332,0.082875,0.14539,0.041897,0.2528,0.049613
BBA,1,Parkinson,max,0.95,1,0.8,0.9375,0.86603,0.96774
BBA,1,Parkinson,min,0.73684,0.73333,0.4,0.8125,0,0.81481
BBA,1,Parkinson,median,0.84605,0.86667,0.675,0.89583,0.60043,0.89655
BSSA,1,Parkinson,std,0.02501,0.029135,0.063246,0.021082,0.060445,0.017082
BSSA,1,Parkinson,max,1,1,1,1,1,1
BSSA,1,Parkinson,min,0.94737,0.92857,0.8,0.93333,0.8641,0.96296
BSSA,1,Parkinson,median,1,1,1,1,1,1
ECFBI,1,Parkinson,std,0.022191,0,0.095598,0.027248,0.062981,0.01408
ECFBI,1,Parkinson,max,1,1,1,1,1,1
ECFBI,1,Parkinson,min,0.94737,1,0.75,0.93333,0.83853,0.96552
ECFBI,1,Parkinson,median,1,1,1,1,1,1
