Algorithms,TransferFun,Benchmark,Metric,Best fitness,Error,NumOfFeatures,Time
bMFO,1,HeartEW,std,0.054657,0.054657,1.4142,0.16892
bMFO,1,HeartEW,max,0.18519,0.18519,10,7.7551
bMFO,1,HeartEW,min,0,0,6,7.1295
bMFO,1,HeartEW,median,0.074074,0.074074,8.5,7.438
bGWO,1,HeartEW,std,0.056306,0.060481,1.8288,0.18444
bGWO,1,HeartEW,max,0.23034,0.22222,9,8.045
bGWO,1,HeartEW,min,0.019231,0,3,7.4569
bGWO,1,HeartEW,median,0.087678,0.074074,5,7.6121
BGSA,1,HeartEW,std,0.031872,0.034035,0.91894,0.26567
BGSA,1,HeartEW,max,0.12863,0.11111,8,8.0823
BGSA,1,HeartEW,min,0.019231,0,5,7.2201
BGSA,1,HeartEW,median,0.091524,0.074074,6,7.603
BPSO,1,HeartEW,std,0.022248,0.024998,0.78881,0.25043
BPSO,1,HeartEW,max,0.12479,0.11111,7,7.8166
BPSO,1,HeartEW,min,0.054416,0.037037,5,6.9587
BPSO,1,HeartEW,median,0.089601,0.074074,6,7.2539
BBA,1,HeartEW,std,0.055095,0.15983,2.0575,0.25413
BBA,1,HeartEW,max,0.26553,0.59259,10,7.9804
BBA,1,HeartEW,min,0.069801,0.11111,3,7.2129
BBA,1,HeartEW,median,0.18113,0.24074,5.5,7.5662
BSSA,1,HeartEW,std,0.029135,0.031475,2.0138,0.33181
BSSA,1,HeartEW,max,0.13248,0.11111,10,7.9236
BSSA,1,HeartEW,min,0.023077,0,3,7.0076
BSSA,1,HeartEW,median,0.077778,0.055556,7.5,7.3881
ECFBI,1,HeartEW,std,0.035781,0.035781,1.7764,1.2223
ECFBI,1,HeartEW,max,0.11111,0.11111,10,43.3766
ECFBI,1,HeartEW,min,0,0,5,39.7698
ECFBI,1,HeartEW,median,0.037037,0.037037,8,41.5341
