Algorithms,TransferFun,Benchmark,Metric,Best fitness,Error,NumOfFeatures,Time
bMFO,1,German,std,0.020656,0.020656,1.8135,0.4215
bMFO,1,German,max,0.21,0.21,19,16.639
bMFO,1,German,min,0.15,0.15,13,15.171
bMFO,1,German,median,0.19,0.19,17,16.247
bGWO,1,German,std,0.025141,0.027588,1.2472,0.52446
bGWO,1,German,max,0.24258,0.24,11,15.0787
bGWO,1,German,min,0.15708,0.15,7,13.3807
bGWO,1,German,median,0.17388,0.16,9,14.1165
BGSA,1,German,std,0.014878,0.01567,2.0976,0.3118
BGSA,1,German,max,0.18442,0.17,15,15.6436
BGSA,1,German,min,0.13483,0.12,9,14.5673
BGSA,1,German,median,0.1675,0.15,12,14.7665
BPSO,1,German,std,0.016414,0.018886,1.7638,0.44736
BPSO,1,German,max,0.20133,0.19,13,15.0757
BPSO,1,German,min,0.15058,0.13,8,13.7288
BPSO,1,German,median,0.177,0.16,11,14.6771
BBA,1,German,std,0.021773,0.044833,2.8694,0.2871
BBA,1,German,max,0.29842,0.38,16,15.4847
BBA,1,German,min,0.22983,0.23,6,14.5132
BBA,1,German,median,0.27258,0.32,9,14.9785
BSSA,1,German,std,0.022685,0.023094,1.9003,0.42252
BSSA,1,German,max,0.24025,0.22,19,16.5668
BSSA,1,German,min,0.17583,0.15,13,15.415
BSSA,1,German,median,0.21233,0.195,14,16.1463
ECFBI,1,German,std,0.018257,0.018257,2.0111,1.7773
ECFBI,1,German,max,0.19,0.19,19,89.7041
ECFBI,1,German,min,0.14,0.14,13,83.7022
ECFBI,1,German,median,0.16,0.16,15.5,88.3452
