Algorithms,TransferFun,Benchmark,Metric,Best fitness,Error,NumOfFeatures,Time
bMFO,1,USAdata,std,0.020954,0.020954,1.1595,0.70454
bMFO,1,USAdata,max,0.27897,0.27897,7,21.4545
bMFO,1,USAdata,min,0.20085,0.20085,3,18.7369
bMFO,1,USAdata,median,0.23718,0.23718,4.5,20.1515
bGWO,1,USAdata,std,0.020338,0.023183,0.91894,0.71515
bGWO,1,USAdata,max,0.27297,0.27155,5,16.9726
bGWO,1,USAdata,min,0.21581,0.20085,3,14.7332
bGWO,1,USAdata,median,0.24986,0.24145,3.5,16.4145
BGSA,1,USAdata,std,0.020551,0.023212,0.91894,0.95364
BGSA,1,USAdata,max,0.27983,0.2735,6,18.8344
BGSA,1,USAdata,min,0.20836,0.19828,3,15.6869
BGSA,1,USAdata,median,0.24282,0.23718,4,16.5665
BPSO,1,USAdata,std,0.017568,0.017561,0.66667,0.7817
BPSO,1,USAdata,max,0.27171,0.26496,5,18.1395
BPSO,1,USAdata,min,0.21893,0.2094,3,15.8502
BPSO,1,USAdata,median,0.24329,0.23504,4,17.2643
BBA,1,USAdata,std,0.016259,0.07132,2.0248,0.40674
BBA,1,USAdata,max,0.29419,0.47436,8,18.4153
BBA,1,USAdata,min,0.24423,0.24786,1,17.3491
BBA,1,USAdata,median,0.28345,0.33118,4,17.899
BSSA,1,USAdata,std,0.015215,0.014712,0.8756,1.2901
BSSA,1,USAdata,max,0.26359,0.25641,6,21.3476
BSSA,1,USAdata,min,0.21893,0.2094,3,17.6219
BSSA,1,USAdata,median,0.24628,0.23983,4,19.7373
ECFBI,1,USAdata,std,0.011114,0.011114,0.84984,4.3147
ECFBI,1,USAdata,max,0.25214,0.25214,5,111.6002
ECFBI,1,USAdata,min,0.21795,0.21795,3,97.1259
ECFBI,1,USAdata,median,0.23555,0.23555,5,104.1257
