Algorithms,TransferFun,Benchmark,Metric,Best fitness,Error,NumOfFeatures,Time
bMFO,1,Leukemia,std,0,0,57.7428,2.9765
bMFO,1,Leukemia,max,0,0,5708,88.3363
bMFO,1,Leukemia,min,0,0,5536,79.6232
bMFO,1,Leukemia,median,0,0,5616,85.8247
bGWO,1,Leukemia,std,0.00017152,0,24.4588,1.8109
bGWO,1,Leukemia,max,0.0040533,0,578,176.407
bGWO,1,Leukemia,min,0.0035414,0,505,169.8363
bGWO,1,Leukemia,median,0.0036957,0,527,174.2725
BGSA,1,Leukemia,std,0.00029756,0,42.4316,2.027
BGSA,1,Leukemia,max,0.020617,0,2940,151.8635
BGSA,1,Leukemia,min,0.01967,0,2805,145.9217
BGSA,1,Leukemia,median,0.020161,0,2875,148.3745
BPSO,1,Leukemia,std,0.00023953,0,34.1567,1.1294
BPSO,1,Leukemia,max,0.023184,0,3306,62.6383
BPSO,1,Leukemia,min,0.022405,0,3195,59.5748
BPSO,1,Leukemia,median,0.022689,0,3235.5,61.3872
BBA,1,Leukemia,std,0.0032612,0.06631,394.0594,1.0527
BBA,1,Leukemia,max,0.021648,0.14286,3068,64.8911
BBA,1,Leukemia,min,0.011971,0,1707,61.4353
BBA,1,Leukemia,median,0.016613,0,2914.5,63.1781
BSSA,1,Leukemia,std,0.0044518,0,634.8219,3.3269
BSSA,1,Leukemia,max,0.014628,0,2086,73.8106
BSSA,1,Leukemia,min,0.0012623,0,180,62.0789
BSSA,1,Leukemia,median,0.0034397,0,490.5,64.3051
ECFBI,1,Leukemia,std,0,0,24.5133,20.9376
ECFBI,1,Leukemia,max,0,0,5750,555.98
ECFBI,1,Leukemia,min,0,0,5668,500.2666
ECFBI,1,Leukemia,median,0,0,5722.5,536.6074
