Algorithms,TransferFun,Benchmark,Metric,Accuracy,Sensitivity,Specificity,Precision,MCC,F-measure
bMFO,1,Leukemia,std,0,0,0,0,0,0
bMFO,1,Leukemia,max,1,1,1,1,1,1
bMFO,1,Leukemia,min,1,1,1,1,1,1
bMFO,1,Leukemia,median,1,1,1,1,1,1
bGWO,1,Leukemia,std,0,0,0,0,0,0
bGWO,1,Leukemia,max,1,1,1,1,1,1
bGWO,1,Leukemia,min,1,1,1,1,1,1
bGWO,1,Leukemia,median,1,1,1,1,1,1
BGSA,1,Leukemia,std,0,0,0,0,0,0
BGSA,1,Leukemia,max,1,1,1,1,1,1
BGSA,1,Leukemia,min,1,1,1,1,1,1
BGSA,1,Leukemia,median,1,1,1,1,1,1
BPSO,1,Leukemia,std,0,0,0,0,0,0
BPSO,1,Leukemia,max,1,1,1,1,1,1
BPSO,1,Leukemia,min,1,1,1,1,1,1
BPSO,1,Leukemia,median,1,1,1,1,1,1
BBA,1,Leukemia,std,0.06631,0.19325,0,0,0.14377,0.12353
BBA,1,Leukemia,max,1,1,1,1,1,1
BBA,1,Leukemia,min,0.85714,0.5,1,1,0.6455,0.66667
BBA,1,Leukemia,median,1,1,1,1,1,1
BSSA,1,Leukemia,std,0,0,0,0,0,0
BSSA,1,Leukemia,max,1,1,1,1,1,1
BSSA,1,Leukemia,min,1,1,1,1,1,1
BSSA,1,Leukemia,median,1,1,1,1,1,1
ECFBI,1,Leukemia,std,0,0,0,0,0,0
ECFBI,1,Leukemia,max,1,1,1,1,1,1
ECFBI,1,Leukemia,min,1,1,1,1,1,1
ECFBI,1,Leukemia,median,1,1,1,1,1,1
