Algorithms,TransferFun,Benchmark,Metric,Best fitness,Error,NumOfFeatures,Time,Accuracy,Sensitivity,Specificity,Precision,MCC,F-measure
bMFO,1,Leukemia,mean,0,0,5617.3,85.1932,1,1,1,1,1,1
bGWO,1,Leukemia,mean,0.0037286,0,531.7,173.9077,1,1,1,1,1,1
BGSA,1,Leukemia,mean,0.020161,0,2875,148.2683,1,1,1,1,1,1
BPSO,1,Leukemia,mean,0.022723,0,3240.3,61.325,1,1,1,1,1,1
BBA,1,Leukemia,mean,0.017913,0.041071,2795.8,63.1781,0.95893,0.88333,1,1,0.91211,0.92667
BSSA,1,Leukemia,mean,0.0052055,0,742.3,65.2274,1,1,1,1,1,1
ECFBI,1,Leukemia,mean,0,0,5721.3,531.1785,1,1,1,1,1,1
