Algorithms,TransferFun,Benchmark,Metric,Accuracy,Sensitivity,Specificity,Precision,MCC,F-measure
bMFO,1,Cleveland_heart,std,0.031644,0.065638,0.05469,0.056459,0.062499,0.034086
bMFO,1,Cleveland_heart,max,1,1,1,1,1,1
bMFO,1,Cleveland_heart,min,0.9,0.85714,0.875,0.86667,0.80002,0.88889
bMFO,1,Cleveland_heart,median,0.93441,0.96429,0.93934,0.93095,0.87537,0.93333
bGWO,1,Cleveland_heart,std,0.042664,0.062543,0.043723,0.051262,0.085909,0.047204
bGWO,1,Cleveland_heart,max,1,1,1,1,1,1
bGWO,1,Cleveland_heart,min,0.87097,0.85714,0.88235,0.85714,0.7395,0.85714
bGWO,1,Cleveland_heart,median,0.93441,0.92857,0.9375,0.92857,0.8709,0.92857
BGSA,1,Cleveland_heart,std,0.034841,0.056215,0.04392,0.049277,0.069388,0.038599
BGSA,1,Cleveland_heart,max,1,1,1,1,1,1
BGSA,1,Cleveland_heart,min,0.9,0.85714,0.875,0.86667,0.80178,0.88889
BGSA,1,Cleveland_heart,median,0.93441,0.92582,1,1,0.8743,0.92308
BPSO,1,Cleveland_heart,std,0.039019,0.064066,0.041848,0.049639,0.078918,0.045083
BPSO,1,Cleveland_heart,max,0.96774,1,1,1,0.93725,0.96552
BPSO,1,Cleveland_heart,min,0.86207,0.76923,0.875,0.85714,0.72436,0.83333
BPSO,1,Cleveland_heart,median,0.93441,0.89286,0.94118,0.93095,0.87131,0.92582
BBA,1,Cleveland_heart,std,0.051743,0.10352,0.09946,0.08456,0.10519,0.061159
BBA,1,Cleveland_heart,max,0.83333,0.85714,0.94118,0.88889,0.66518,0.81481
BBA,1,Cleveland_heart,min,0.66667,0.57143,0.625,0.64286,0.33036,0.64
BBA,1,Cleveland_heart,median,0.7543,0.75,0.76471,0.72381,0.5156,0.71198
BSSA,1,Cleveland_heart,std,0.028521,0.052705,0.056171,0.060323,0.05692,0.030121
BSSA,1,Cleveland_heart,max,1,1,1,1,1,1
BSSA,1,Cleveland_heart,min,0.9,0.85714,0.875,0.86667,0.80178,0.89655
BSSA,1,Cleveland_heart,median,0.93333,0.92857,0.90993,0.90179,0.87029,0.92582
ECFBI,1,Cleveland_heart,std,0.035122,0.058347,0.041848,0.04778,0.07074,0.038141
ECFBI,1,Cleveland_heart,max,1,1,1,1,1,1
ECFBI,1,Cleveland_heart,min,0.86667,0.85714,0.875,0.85714,0.73214,0.85714
ECFBI,1,Cleveland_heart,median,0.93548,0.92857,0.94118,0.93333,0.87574,0.92857
