Algorithms,TransferFun,Benchmark,Metric,Best fitness,Error,NumOfFeatures,Time
bMFO,1,Cleveland_heart,std,0.031644,0.031644,1.5239,0.32731
bMFO,1,Cleveland_heart,max,0.1,0.1,10,10.4882
bMFO,1,Cleveland_heart,min,0,0,5,9.3329
bMFO,1,Cleveland_heart,median,0.065591,0.065591,8,10.0978
bGWO,1,Cleveland_heart,std,0.043699,0.042664,1.4298,0.17455
bGWO,1,Cleveland_heart,max,0.14566,0.12903,7,10.2612
bGWO,1,Cleveland_heart,min,0.011538,0,3,9.7988
bGWO,1,Cleveland_heart,median,0.07962,0.065591,6,9.9109
BGSA,1,Cleveland_heart,std,0.030826,0.034841,1.8288,0.30284
BGSA,1,Cleveland_heart,max,0.11423,0.1,9,10.4422
BGSA,1,Cleveland_heart,min,0.019231,0,2,9.6112
BGSA,1,Cleveland_heart,median,0.078598,0.065591,5,10.1115
BPSO,1,Cleveland_heart,std,0.036289,0.039019,1.1005,0.21586
BPSO,1,Cleveland_heart,max,0.15411,0.13793,7,10.2609
BPSO,1,Cleveland_heart,min,0.053722,0.032258,4,9.5881
BPSO,1,Cleveland_heart,median,0.087312,0.065591,6,10.1109
BBA,1,Cleveland_heart,std,0.03019,0.051743,1.2293,0.29902
BBA,1,Cleveland_heart,max,0.18526,0.33333,8,10.6406
BBA,1,Cleveland_heart,min,0.09206,0.16667,4,9.708
BBA,1,Cleveland_heart,median,0.1477,0.2457,6,10.0984
BSSA,1,Cleveland_heart,std,0.027454,0.028521,0.82327,0.1257
BSSA,1,Cleveland_heart,max,0.1227,0.1,8,10.2799
BSSA,1,Cleveland_heart,min,0.026923,0,6,9.934
BSSA,1,Cleveland_heart,median,0.089425,0.066667,6.5,10.1125
ECFBI,1,Cleveland_heart,std,0.039273,0.035122,1.7638,0.96817
ECFBI,1,Cleveland_heart,max,0.14974,0.13333,11,57.3559
ECFBI,1,Cleveland_heart,min,0,0,6,53.8076
ECFBI,1,Cleveland_heart,median,0.064516,0.064516,7.5,56.122
