Algorithms,TransferFun,Benchmark,Metric,Best fitness,Error,NumOfFeatures,Time,Accuracy,Sensitivity,Specificity,Precision,MCC,F-measure
bMFO,1,Cleveland_heart,mean,0.056344,0.056344,8.1,10.0616,0.94366,0.94286,0.94412,0.94016,0.89072,0.93897
bGWO,1,Cleveland_heart,mean,0.076959,0.059147,5.4,9.9815,0.94085,0.93571,0.94522,0.93659,0.88234,0.93513
BGSA,1,Cleveland_heart,mean,0.073721,0.056144,5.3,10.0393,0.94386,0.91374,0.96912,0.96414,0.88927,0.93693
BPSO,1,Cleveland_heart,mean,0.092183,0.073148,5.9,10.0345,0.92685,0.89121,0.95699,0.94798,0.85495,0.91741
BBA,1,Cleveland_heart,mean,0.14969,0.25114,5.8,10.1948,0.74886,0.71154,0.77904,0.74308,0.49967,0.72025
BSSA,1,Cleveland_heart,mean,0.091466,0.069155,6.7,10.1047,0.93085,0.93571,0.92684,0.91988,0.86471,0.92549
ECFBI,1,Cleveland_heart,mean,0.05767,0.056029,8,55.8905,0.94397,0.92802,0.95699,0.95095,0.88903,0.938
